framework,group,projeto,readability,AvgCyclomatic,AvgCyclomaticModified,AvgCyclomaticStrict,AvgEssential,AvgLine,AvgLineBlank,AvgLineCode,AvgLineComment,CountClassBase,CountClassCoupled,CountClassCoupledModified,CountClassDerived,CountDeclClass,CountDeclClassMethod,CountDeclClassVariable,CountDeclExecutableUnit,CountDeclFile,CountDeclFunction,CountDeclInstanceMethod,CountDeclInstanceVariable,CountDeclMethod,CountDeclMethodAll,CountDeclMethodDefault,CountDeclMethodPrivate,CountDeclMethodProtected,CountDeclMethodPublic,CountInput,CountLine,CountLineBlank,CountLineCode,CountLineCodeDecl,CountLineCodeExe,CountLineComment,CountOutput,CountPath,CountPathLog,CountSemicolon,CountStmt,CountStmtDecl,CountStmtExe,Cyclomatic,CyclomaticModified,CyclomaticStrict,Essential,Knots,MaxCyclomatic,MaxCyclomaticModified,MaxCyclomaticStrict,MaxEssential,MaxEssentialKnots,MaxInheritanceTree,MaxNesting,MinEssentialKnots,PercentLackOfCohesion,PercentLackOfCohesionModified,RatioCommentToCode,SumCyclomatic,SumCyclomaticModified,SumCyclomaticStrict,SumEssential,?,numberOfJavaFiles,lifetime,lifetime per commit
Android,BOTTOM,googlesamples/account-transfer-api,0.003755894614317055,10,10,10,8,73,0,66,3,0,0,0,0,10,3,19,31,0,31,28,4,31,0,2,7,3,19,0,616,69,421,215,215,126,0,0,0,242,300,184,116,0,0,0,0,0,18,16,18,16,0,0,7,0,0,0,2,177,51,49,51,42,7,999,333.0
Android,BOTTOM,googlesamples/android-ActionBarCompat-Basic,0.002195120556280017,3,2,3,2,20,2,10,8,0,0,0,0,2,0,0,6,0,6,6,1,6,0,0,0,2,4,0,144,22,50,23,19,72,0,0,0,25,34,19,15,0,0,0,0,0,5,3,5,2,0,0,1,0,0,0,2,103,9,7,9,6,2,2072,79.6923076923077
Android,BOTTOM,googlesamples/android-ActionBarCompat-ListPopupMenu,0.003945116506656632,3,3,3,3,24,2,15,6,0,0,0,0,7,0,1,12,0,12,12,2,12,0,1,1,2,8,0,391,41,233,180,171,117,0,0,0,54,73,46,27,0,0,0,0,0,4,4,4,3,0,0,1,0,0,0,3,172,14,14,14,12,4,2072,79.6923076923077
Android,BOTTOM,googlesamples/android-ActionBarCompat-Styled,0.0018525210907682776,2,2,2,2,11,0,6,4,0,0,0,0,2,0,0,8,0,8,8,1,8,0,0,0,2,6,0,137,21,49,27,13,67,0,0,0,23,33,21,12,0,0,0,0,0,2,2,2,2,0,0,0,0,0,0,2,92,8,8,8,8,2,2072,82.88
Android,BOTTOM,googlesamples/android-ActivityInstrumentation,1.684247763478197e-05,9,8,9,7,87,7,45,32,0,0,0,0,13,18,18,49,0,50,32,7,50,0,0,1,1,48,0,896,110,351,140,184,439,0,0,0,184,252,140,112,0,0,0,0,0,21,16,21,7,0,0,5,0,0,0,13,381,65,60,65,49,8,2072,82.88
Android,BOTTOM,googlesamples/android-AdvancedImmersiveMode,0.00010772451933007687,12,11,12,9,108,8,65,31,0,0,0,0,15,18,11,61,0,62,44,13,62,0,0,1,4,57,0,1170,148,516,188,280,506,0,0,0,279,373,177,196,0,0,0,0,0,29,24,29,9,0,0,8,0,0,0,13,469,90,85,90,61,10,2072,82.88
Android,BOTTOM,googlesamples/android-AlwaysOn,0,1,1,1,1,19,3,11,4,0,0,0,0,4,0,6,12,0,12,12,16,12,0,1,2,0,9,0,396,68,198,77,117,130,0,0,0,123,146,68,78,0,0,0,0,0,3,3,3,1,0,0,2,0,0,0,0,66,20,20,20,12,1,1811,69.65384615384616
Android,BOTTOM,googlesamples/android-AppRestrictionEnforcer,0.031102001550607383,12,12,12,8,74,0,59,11,0,0,0,0,13,2,13,62,0,64,62,16,64,0,1,28,2,33,0,1126,116,728,297,370,282,0,0,0,367,502,257,245,0,0,0,0,0,33,33,34,12,0,0,15,0,0,0,7,382,119,117,120,66,9,1995,76.73076923076923
Android,BOTTOM,googlesamples/android-AppRestrictions,0,12,12,12,4,86,8,64,12,0,0,0,0,5,3,8,14,0,14,11,13,14,0,0,2,2,10,0,537,67,310,125,185,160,0,0,0,188,238,114,124,0,0,0,0,0,27,27,28,4,0,0,9,0,0,0,2,145,44,44,46,14,4,2072,79.6923076923077
Android,BOTTOM,googlesamples/android-AppRestrictionSchema,0.00011969391036675208,11,10,12,8,74,4,49,19,0,0,0,0,12,18,20,64,0,65,47,14,65,0,0,8,3,54,0,1081,130,548,216,279,403,0,0,0,283,394,201,193,0,0,0,0,0,30,25,32,13,0,0,11,0,0,0,12,397,107,102,115,69,9,2027,75.07407407407408
Android,BOTTOM,googlesamples/android-AutoBackupForApps,0.017374956980347633,6,6,8,4,37,1,34,0,0,0,0,0,8,1,9,28,0,26,27,7,28,0,0,9,2,17,0,566,74,372,142,223,120,0,0,0,204,268,130,138,0,0,0,0,0,16,14,17,9,0,0,4,0,0,0,2,102,62,60,71,40,4,1804,112.75
Android,BOTTOM,googlesamples/android-BasicContactables,0.0004836377047467977,12,11,12,8,88,6,49,30,0,0,0,0,11,18,12,53,0,54,36,7,54,0,0,2,3,49,0,956,123,395,169,193,444,0,0,0,197,279,157,122,0,0,0,0,0,30,25,30,8,0,0,8,0,0,0,13,463,78,73,78,53,9,2072,76.74074074074075
Android,BOTTOM,googlesamples/android-BasicGestureDetect,9.793138120916079e-05,13,11,13,10,90,5,54,24,0,0,0,0,14,20,12,67,0,68,48,7,68,0,0,3,4,61,0,1132,159,491,202,233,482,0,0,0,247,345,178,167,0,0,0,0,0,31,26,31,10,0,0,9,0,0,0,14,501,95,87,95,67,11,2072,82.88
Android,BOTTOM,googlesamples/android-BasicImmersiveMode,0.00010772451933007687,11,10,11,9,87,4,52,26,0,0,0,0,14,18,12,59,0,60,42,7,60,0,0,1,4,55,0,1010,125,422,175,205,463,0,0,0,214,300,162,138,0,0,0,0,0,25,20,25,9,0,0,8,0,0,0,13,468,78,73,78,59,10,2072,82.88
Android,BOTTOM,googlesamples/android-BasicMediaRouter,0.0004084434444343464,10,9,10,8,78,5,40,28,0,0,0,0,14,18,8,60,0,61,43,16,61,0,0,3,6,52,0,1099,143,427,166,206,529,0,0,0,217,303,158,145,0,0,0,0,0,25,20,27,8,0,0,7,0,0,0,15,356,82,77,84,60,9,2072,82.88
Android,BOTTOM,googlesamples/android-BasicMultitouch,0.0006782220346697917,11,9,11,8,88,8,47,29,0,0,0,0,15,19,16,61,0,64,45,25,64,0,0,4,3,57,0,1273,181,508,205,266,584,0,0,0,272,372,194,178,0,0,0,0,0,29,20,29,10,0,0,9,0,0,0,15,385,94,85,95,63,9,2072,82.88
Android,BOTTOM,googlesamples/android-BasicNetworking,1.4971091230917307e-05,11,9,11,8,76,4,43,25,0,0,0,0,11,18,13,55,0,56,38,10,56,0,0,2,2,52,0,969,124,391,161,185,454,0,0,0,200,282,151,131,0,0,0,0,0,27,22,28,8,0,0,9,0,0,0,14,448,79,73,80,55,9,2072,82.88
Android,BOTTOM,googlesamples/android-BasicNotifications,0.0024550652597099543,2,2,2,2,44,5,13,26,0,0,0,0,2,0,1,5,0,5,5,1,5,0,0,0,1,4,0,158,24,50,29,21,85,0,0,0,33,40,26,14,0,0,0,0,0,2,2,2,2,0,0,0,0,0,0,2,143,5,5,5,5,2,2072,82.88
Android,BOTTOM,googlesamples/android-BasicRenderScript,0.001775142620317638,2,2,2,2,17,1,11,5,0,0,0,0,4,0,0,14,0,14,14,11,14,0,1,3,5,5,0,237,38,122,48,61,77,0,0,0,73,96,51,45,0,0,0,0,0,3,3,3,2,0,0,1,0,0,0,1,121,20,20,20,14,2,2072,79.6923076923077
Android,BOTTOM,googlesamples/android-BeamLargeFiles,9.793138120916079e-05,12,11,12,10,99,4,56,35,0,0,0,0,13,18,14,61,0,62,44,8,62,0,0,2,4,56,0,1113,138,446,200,200,530,0,0,0,230,318,179,139,0,0,0,0,0,26,21,26,10,0,0,7,0,0,0,15,555,82,77,82,61,11,1863,98.05263157894737
Android,BOTTOM,googlesamples/android-BorderlessButtons,1.9248545868322253e-05,8,7,8,6,55,3,32,17,0,0,0,0,14,18,9,53,0,54,36,6,54,0,0,1,1,52,0,794,95,345,118,179,355,0,0,0,158,231,120,111,0,0,0,0,0,21,16,21,6,0,0,7,0,0,0,12,275,71,66,71,53,7,2072,82.88
Android,BOTTOM,googlesamples/android-CardReader,9.793138120916079e-05,13,12,13,10,97,4,58,30,0,0,0,0,15,21,16,69,0,71,50,11,71,0,0,3,4,64,0,1194,148,521,230,250,525,0,0,0,279,383,215,168,0,0,0,0,0,30,25,30,10,0,0,12,0,0,0,14,443,98,93,98,69,11,2072,82.88
Android,BOTTOM,googlesamples/android-ClippingBasic,0.00010772451933007687,11,10,11,9,86,7,52,24,0,0,0,0,15,18,11,61,0,62,44,12,62,0,0,2,4,56,0,1039,145,446,186,213,448,0,0,0,234,320,172,148,0,0,0,0,0,25,20,25,9,0,0,8,0,0,0,13,437,81,76,81,61,10,2140,82.3076923076923
Android,BOTTOM,googlesamples/android-codelab-watchface,0,5,5,7,5,57,4,42,9,0,0,0,0,21,0,16,81,0,81,81,88,81,0,0,26,0,55,0,1538,235,994,390,553,309,0,0,0,592,734,342,392,0,0,0,0,0,19,19,23,5,0,0,10,0,0,0,0,157,132,132,145,81,5,1890,945.0
Android,BOTTOM,googlesamples/android-CommitContentSampleApp,0,2,2,2,1,25,2,18,5,0,0,0,0,3,1,3,8,0,8,7,8,8,0,0,4,0,4,0,250,31,165,55,100,56,0,0,0,102,125,51,74,0,0,0,0,0,6,6,6,3,0,0,2,0,0,0,0,34,22,22,23,12,1,1294,161.75
Android,BOTTOM,googlesamples/android-CommitContentSampleIME,0,2,2,3,2,20,1,16,2,0,0,0,0,4,1,5,11,0,11,10,6,11,0,0,4,0,7,0,286,30,214,77,126,43,0,0,0,114,151,72,79,0,0,0,0,0,9,9,9,9,0,0,5,0,0,0,0,20,32,32,35,27,1,1294,161.75
Android,BOTTOM,googlesamples/android-ContentProviderPaging,0.011197162714476386,7,7,7,5,47,3,40,2,0,0,0,0,12,2,10,30,0,30,28,15,30,0,5,5,1,19,0,648,95,394,193,198,160,0,0,0,216,279,170,109,0,0,0,0,0,17,17,17,7,0,0,5,0,0,0,3,169,55,54,55,32,6,1141,190.16666666666666
Android,BOTTOM,googlesamples/android-CustomChoiceList,1.4971091230917307e-05,9,8,9,7,55,3,33,17,0,0,0,0,12,18,10,52,0,53,35,6,53,0,0,1,1,51,0,953,98,461,265,276,394,0,0,0,157,232,127,105,0,0,0,0,0,22,17,22,7,0,0,7,0,0,0,12,390,70,65,70,52,9,2072,82.88
Android,BOTTOM,googlesamples/android-DataLayer,0.0003489622213237453,7,7,7,5,54,5,43,4,0,0,0,0,22,2,20,65,0,66,64,25,66,0,3,10,6,47,0,1215,208,791,350,386,219,0,0,0,411,544,310,234,0,0,0,0,0,19,17,19,11,0,0,8,0,0,0,0,187,117,112,119,71,5,2021,54.62162162162162
Android,BOTTOM,googlesamples/android-DelayedConfirmation,0.0007363226419935623,4,4,4,3,22,0,22,0,0,0,0,0,8,0,10,30,0,30,30,4,30,0,0,6,4,20,0,391,47,278,107,140,66,0,0,0,114,165,90,75,0,0,0,0,0,9,9,9,6,0,0,5,0,0,0,1,57,46,46,46,33,3,2021,69.6896551724138
Android,BOTTOM,googlesamples/android-DocumentCentricApps,0,4,4,4,4,32,1,24,6,0,0,0,0,4,1,3,18,0,18,17,5,18,0,0,3,5,10,0,351,51,170,91,77,130,0,0,0,100,124,75,49,0,0,0,0,0,5,5,5,4,0,0,1,0,0,0,1,208,20,20,20,18,4,2027,81.08
Android,BOTTOM,googlesamples/android-DocumentCentricRelinquishIdentity,9.972909174393862e-05,2,2,2,2,14,0,10,3,0,0,0,0,2,0,0,5,0,5,5,0,5,0,0,2,2,1,0,110,13,43,26,16,54,0,0,0,26,33,23,10,0,0,0,0,0,2,2,2,2,0,0,0,0,0,0,2,51,5,5,5,5,2,2027,84.45833333333333
Android,BOTTOM,googlesamples/android-DoneBar,0.0010279867565259337,4,4,4,4,39,1,29,6,0,0,0,0,9,0,0,18,0,18,18,6,18,0,0,2,3,13,0,320,41,177,76,85,102,0,0,0,84,110,66,44,0,0,0,0,0,6,6,6,4,0,0,2,0,0,0,1,224,20,20,20,18,4,2072,79.6923076923077
Android,BOTTOM,googlesamples/android-DragAndDropAcrossApps,0.00010818847658811137,28,24,28,18,191,13,122,48,0,0,0,0,28,36,33,124,0,126,90,15,126,0,0,10,13,103,0,2258,316,1038,427,522,905,0,0,0,544,742,392,350,0,0,0,0,0,66,50,66,26,0,0,20,0,0,0,24,961,199,179,203,134,20,1181,236.2
Android,BOTTOM,googlesamples/android-DrawableTinting,0.00011969391036675208,10,9,10,8,74,5,45,22,0,0,0,0,13,18,17,61,0,62,44,20,62,0,0,1,3,58,0,1142,146,493,199,257,503,0,0,0,264,348,187,161,0,0,0,0,0,24,19,24,8,0,0,8,0,0,0,12,467,81,76,81,61,9,2041,81.64
Android,BOTTOM,googlesamples/android-ElevationBasic,0.00010772451933007687,11,10,11,9,88,4,57,24,0,0,0,0,13,18,11,57,0,58,40,10,58,0,0,1,4,53,0,970,124,416,175,197,430,0,0,0,217,298,162,136,0,0,0,0,0,26,20,26,11,0,0,8,0,0,0,12,528,78,72,78,59,10,2140,82.3076923076923
Android,BOTTOM,googlesamples/android-ElevationDrag,9.793138120916079e-05,12,11,12,10,96,7,61,24,0,0,0,0,20,18,11,75,0,77,59,16,77,0,0,1,4,72,0,1185,166,537,211,262,482,0,0,0,272,377,204,173,0,0,0,0,0,28,23,29,10,0,0,9,0,0,0,12,552,100,95,101,75,11,2140,82.3076923076923
Android,BOTTOM,googlesamples/android-ElizaChat,0,10,10,10,4,48,3,45,0,0,0,0,0,4,0,12,17,0,17,17,10,17,0,0,5,3,9,0,422,52,314,167,208,56,0,0,0,144,186,93,93,0,0,0,0,0,19,19,21,6,0,0,7,0,0,0,0,55,41,41,43,20,3,2021,72.17857142857143
Android,BOTTOM,googlesamples/android-fido,0.023111164569854736,6,6,7,5,55,3,48,3,0,0,0,0,25,2,36,93,0,93,81,28,83,0,0,27,4,52,0,1503,146,1205,406,782,158,0,0,0,637,800,387,413,0,0,0,0,0,25,24,27,10,0,0,9,0,0,0,2,142,170,163,178,113,5,1007,53.0
Android,BOTTOM,googlesamples/android-FindMyPhone,0,7,7,7,4,57,1,48,8,0,0,0,0,5,1,14,20,0,20,19,6,20,0,0,3,2,15,0,456,54,297,127,158,107,0,0,0,142,189,109,80,0,0,0,0,0,21,21,21,4,0,0,12,0,0,0,0,149,41,41,42,20,4,2021,69.6896551724138
Android,BOTTOM,googlesamples/android-Flashlight,0,2,2,2,2,14,0,13,0,0,0,0,0,7,0,0,20,0,20,20,10,20,0,0,2,2,16,0,245,42,162,73,74,41,0,0,0,81,109,68,41,0,0,0,0,0,5,5,5,2,0,0,3,0,0,0,0,51,23,23,23,20,2,2021,72.17857142857143
Android,BOTTOM,googlesamples/android-gcmnetworkmanager,0,2,2,2,2,25,2,18,3,0,0,0,0,3,0,9,16,0,16,16,3,16,0,0,5,1,10,0,314,56,201,90,122,60,0,0,0,118,145,81,64,0,0,0,0,0,10,7,10,4,0,0,4,0,0,0,0,65,29,25,29,18,2,1604,200.5
Android,BOTTOM,googlesamples/android-Geofencing,0.019576633349061012,9,9,10,8,77,0,56,15,0,0,0,0,10,0,33,43,0,41,43,19,43,0,0,9,3,31,0,933,113,545,277,271,277,0,0,0,293,367,241,126,0,0,0,0,0,24,24,28,12,0,0,10,0,0,0,1,419,66,66,70,47,8,2021,69.6896551724138
Android,BOTTOM,googlesamples/android-google-accounts,0.24073445796966553,4,4,4,4,39,1,24,11,0,0,0,0,8,0,10,32,0,32,32,13,32,0,0,3,13,16,0,757,89,375,130,211,297,0,0,0,199,253,115,138,0,0,0,0,0,12,9,13,6,0,0,4,0,0,0,0,242,54,50,56,34,4,2063,171.91666666666666
Android,BOTTOM,googlesamples/android-GridViewPager,0.0020911480921010175,3,3,3,3,32,1,25,6,0,0,0,0,10,0,3,20,0,20,20,8,20,0,2,1,6,11,0,289,35,192,92,95,62,0,0,0,100,128,82,46,0,0,0,0,0,5,5,6,3,0,0,1,0,0,0,1,97,23,23,24,20,3,2021,72.17857142857143
Android,BOTTOM,googlesamples/android-HorizontalPaging,0.002498965011909604,2,2,2,2,18,0,8,9,0,0,0,0,5,0,1,14,0,14,14,3,14,0,0,0,2,12,0,276,33,110,54,43,133,0,0,0,54,74,46,28,0,0,0,0,0,5,3,5,2,0,0,1,0,0,0,2,87,18,16,18,14,2,2072,79.6923076923077
Android,BOTTOM,googlesamples/android-ImmersiveMode,9.793138120916079e-05,13,12,13,10,97,5,57,29,0,0,0,0,15,18,12,62,0,63,45,9,63,0,0,1,5,57,0,1089,142,450,186,215,497,0,0,0,226,319,172,147,0,0,0,0,0,29,24,29,10,0,0,8,0,0,0,14,554,84,79,84,62,11,2072,82.88
Android,BOTTOM,googlesamples/android-Interpolator,0.00010772451933007687,11,10,11,9,89,6,52,28,0,0,0,0,14,18,12,71,0,72,54,17,72,0,0,5,4,63,0,1222,163,524,223,256,535,0,0,0,278,376,212,164,0,0,0,0,0,27,22,27,9,0,0,8,0,0,0,12,552,94,89,94,71,10,2027,77.96153846153847
Android,BOTTOM,googlesamples/android-JumpingJack,0.0006444579310482367,5,5,5,5,35,0,29,5,0,0,0,0,10,3,7,34,0,34,31,18,34,0,0,6,3,25,0,523,77,293,132,129,155,0,0,0,157,208,121,87,0,0,0,0,0,9,9,10,5,0,0,3,0,0,0,1,232,48,47,50,34,5,2021,57.74285714285714
Android,BOTTOM,googlesamples/android-key-attestation,0,16,15,16,14,120,0,112,1,0,0,0,0,20,35,106,74,0,64,38,76,73,0,8,29,0,36,0,1755,158,1325,620,739,275,0,0,0,711,851,529,322,0,0,0,0,0,38,33,38,24,0,0,12,0,0,0,0,347,127,122,130,93,13,1238,58.95238095238095
Android,BOTTOM,googlesamples/android-LNotifications,0,5,4,5,4,34,0,26,5,0,0,0,0,13,3,3,48,0,42,45,40,48,0,4,9,1,34,0,760,88,443,213,216,229,0,0,0,221,282,165,117,0,0,0,0,0,15,11,16,4,0,0,6,0,0,0,0,218,68,62,70,48,4,2041,78.5
Android,BOTTOM,googlesamples/android-MediaEffects,9.793138120916079e-05,15,12,15,10,106,7,76,20,0,0,0,0,13,22,16,74,0,75,53,25,75,0,0,7,3,65,0,1363,191,728,253,418,444,0,0,0,406,520,227,293,0,0,0,0,0,56,28,56,12,0,0,12,0,0,0,12,444,132,104,133,76,11,2041,81.64
Android,BOTTOM,googlesamples/android-MediaRouter,0.00047195844030391206,22,21,24,16,130,3,102,20,0,0,0,0,68,23,45,311,0,337,314,118,337,0,6,50,15,266,0,4329,525,3086,936,1813,722,0,0,0,1484,2090,877,1213,0,0,0,0,0,76,70,82,27,0,0,23,0,0,0,16,491,596,587,646,324,17,2072,82.88
Android,BOTTOM,googlesamples/android-MidiScope,0.018841023984610468,50,49,54,31,303,2,242,55,0,0,0,0,45,10,61,160,0,166,156,87,166,0,4,14,2,146,0,2916,308,1732,677,935,909,0,0,0,862,1216,610,606,0,0,0,0,0,106,103,109,44,0,0,53,0,0,0,12,1209,318,312,324,179,28,1705,131.15384615384616
Android,BOTTOM,googlesamples/android-MidiSynth,0.014694969765259884,45,44,50,29,273,2,215,53,0,0,0,0,41,5,54,154,0,159,154,83,159,0,3,15,2,139,0,2669,283,1585,606,842,817,0,0,0,778,1107,550,557,0,0,0,0,0,99,96,104,40,0,0,48,0,0,0,7,1097,297,292,304,171,25,1705,131.15384615384616
Android,BOTTOM,googlesamples/android-PermissionRequest,8.286501486928991e-05,17,15,17,12,117,4,81,26,0,0,0,0,25,21,16,91,0,95,74,18,95,0,3,10,4,78,0,1623,201,828,320,429,596,0,0,0,428,584,297,287,0,0,0,0,0,42,34,42,21,0,0,15,0,0,0,12,638,148,139,151,106,13,1968,93.71428571428571
Android,BOTTOM,googlesamples/android-play-awareness,0,3,3,3,3,26,1,20,3,0,0,0,0,17,0,1,34,0,34,34,8,34,0,0,4,4,26,0,532,67,327,118,192,138,0,0,0,153,200,120,80,0,0,0,0,0,8,6,8,3,0,0,2,0,0,0,0,184,46,44,47,34,3,1420,355.0
Android,BOTTOM,googlesamples/android-Quiz,0.0013278698170324787,12,12,12,9,82,1,74,4,0,0,0,0,16,2,47,56,0,56,54,26,56,0,0,15,4,37,0,1237,130,883,424,503,225,0,0,0,523,647,389,258,0,0,0,0,0,23,23,24,14,0,0,10,0,0,0,0,359,105,105,109,62,8,2021,69.6896551724138
Android,BOTTOM,googlesamples/android-RecipeAssistant,0.00010357914392703346,19,18,19,13,113,4,87,18,0,0,0,0,19,24,30,87,0,88,64,31,88,0,2,9,6,71,0,1421,175,789,353,391,457,0,0,0,444,594,331,263,0,0,0,0,0,44,39,44,13,0,0,17,0,0,0,12,551,135,130,135,87,14,2021,72.17857142857143
Android,BOTTOM,googlesamples/android-RenderScriptIntrinsic,0.001195551361888647,3,3,3,3,36,2,27,6,0,0,0,0,8,0,0,25,0,25,25,18,25,0,1,7,5,12,0,527,73,329,131,207,125,0,0,0,213,256,133,123,0,0,0,0,0,7,5,7,3,0,0,2,0,0,0,1,144,42,38,42,25,3,2072,79.6923076923077
Android,BOTTOM,googlesamples/android-RuntimePermissionsWear,0.0011863682011608034,12,12,12,8,93,11,72,6,0,0,0,0,19,0,25,66,0,66,66,15,66,0,0,20,12,34,0,1558,290,956,347,578,312,0,0,0,489,644,310,334,0,0,0,0,0,26,26,26,12,0,0,13,0,0,0,3,222,142,142,146,70,8,1631,65.24
Android,BOTTOM,googlesamples/android-ShareActionProvider,0.0008430075831711292,4,4,4,4,37,1,21,12,0,0,0,0,6,1,3,25,0,25,24,9,25,0,1,1,2,21,0,468,75,228,102,108,166,0,0,0,120,157,91,66,0,0,0,0,0,12,10,12,6,0,0,4,0,0,0,2,187,35,33,35,27,4,1181,196.83333333333334
Android,BOTTOM,googlesamples/android-SkeletonWearableApp,0,2,2,2,2,14,0,12,0,0,0,0,0,6,1,6,17,0,17,16,6,17,0,0,2,1,14,0,244,31,173,92,77,40,0,0,0,104,127,80,47,0,0,0,0,0,3,3,4,2,0,0,1,0,0,0,0,46,18,18,19,17,2,2021,72.17857142857143
Android,BOTTOM,googlesamples/android-StorageClient,0.00010772451933007687,11,10,12,9,87,5,50,27,0,0,0,0,14,18,13,64,0,65,47,9,65,0,0,2,6,57,0,1141,143,494,208,239,506,0,0,0,256,354,192,162,0,0,0,0,0,26,21,27,9,0,0,9,0,0,0,13,526,91,86,93,64,10,2072,82.88
Android,BOTTOM,googlesamples/android-StorageProvider,0.00010772451933007687,12,11,12,9,92,5,55,26,0,0,0,0,14,22,19,79,0,80,58,7,80,0,0,16,3,61,0,1524,209,735,297,402,582,0,0,0,379,518,267,251,0,0,0,0,0,30,25,31,11,0,0,10,0,0,0,12,512,134,129,136,85,10,2072,76.74074074074075
Android,BOTTOM,googlesamples/android-SwipeRefreshLayoutBasic,8.286501486928991e-05,16,15,16,12,119,8,74,32,0,0,0,0,22,22,24,98,0,101,79,32,101,0,10,7,9,75,0,1868,263,957,474,540,649,0,0,0,445,603,321,282,0,0,0,0,0,39,34,42,14,0,0,15,0,0,0,12,649,147,142,154,100,13,2072,82.88
Android,BOTTOM,googlesamples/android-SynchronizedNotifications,0.00815977494438322,16,15,16,12,95,4,63,23,0,0,0,0,16,18,23,79,0,80,62,8,80,0,0,9,4,67,0,1355,162,664,300,304,533,0,0,0,318,447,260,187,0,0,0,0,0,38,31,38,12,0,0,12,0,0,0,14,620,122,115,122,79,13,2041,70.37931034482759
Android,BOTTOM,googlesamples/android-TensorFlowCloudMachineLearningEngineStylizer,0.002382048688429807,10,10,11,7,69,3,57,6,0,0,0,0,22,3,30,75,0,75,71,50,74,0,1,13,8,52,0,1548,218,929,355,545,402,0,0,0,520,660,343,317,0,0,0,0,0,26,22,33,14,0,0,11,0,0,0,0,371,136,132,145,84,7,987,493.5
Android,BOTTOM,googlesamples/android-Timer,0.001090503860420237,10,10,12,6,62,3,45,13,0,0,0,0,8,2,19,32,0,32,30,13,32,0,0,12,2,18,0,617,97,360,176,187,160,0,0,0,190,249,146,103,0,0,0,0,0,26,26,33,6,0,0,5,0,0,0,2,229,55,55,62,32,6,2021,72.17857142857143
Android,BOTTOM,googlesamples/android-WatchViewStub,0,1,1,1,1,8,0,7,0,0,0,0,0,3,0,0,5,0,5,5,4,5,0,0,0,0,5,0,85,10,56,28,22,19,0,0,0,32,41,25,16,0,0,0,0,0,3,3,3,1,0,0,1,0,0,0,0,34,7,7,8,5,1,2021,72.17857142857143
Android,BOTTOM,googlesamples/android-WclDemoSample,0.0001484486534276844,18,15,19,13,149,3,131,9,0,0,0,0,41,6,34,112,0,112,106,37,112,0,1,24,19,68,0,2089,240,1423,557,794,433,0,0,0,780,975,518,457,0,0,0,0,0,64,42,66,15,0,0,18,0,0,0,1,535,211,179,216,114,14,1645,548.3333333333334
Android,BOTTOM,googlesamples/android-WearAccessibilityApp,0.009104704855196884,35,34,35,31,408,41,297,57,0,0,0,0,86,7,14,146,0,148,141,72,148,0,2,8,23,115,0,3152,477,1816,792,935,879,0,0,0,950,1194,702,492,0,0,0,0,0,55,52,56,40,0,0,13,0,0,0,10,1585,186,182,187,155,33,869,96.55555555555556
Android,BOTTOM,googlesamples/android-WearCompanionLibrary,6.467497951234691e-05,23,23,23,17,158,2,128,25,0,0,0,0,79,16,85,303,0,343,329,109,345,0,56,40,14,235,0,5312,515,2964,1097,1536,1837,0,0,0,1386,2000,1022,978,0,0,0,0,0,64,64,72,30,0,0,26,0,0,0,15,915,539,538,561,332,20,1645,137.08333333333334
Android,BOTTOM,googlesamples/android-WearComplicationProvidersTestSuite,0.0017232932150363922,35,20,35,8,398,23,357,19,0,0,0,0,8,2,5,10,0,10,8,0,10,0,2,0,0,8,0,690,53,465,157,327,173,0,0,0,180,210,131,79,0,0,0,0,0,35,20,35,8,0,0,6,0,0,0,1,339,37,22,37,10,8,1084,98.54545454545455
Android,BOTTOM,googlesamples/android-WearDrawers,0,2,2,2,2,15,1,12,1,0,0,0,0,5,0,2,23,0,23,23,14,23,0,0,1,1,21,0,356,75,231,111,112,56,0,0,0,130,161,86,75,0,0,0,0,0,7,4,7,2,0,0,1,0,0,0,0,59,29,26,29,23,2,1448,90.5
Android,BOTTOM,googlesamples/android-WearHighBandwidthNetworking,0,1,1,1,1,15,2,13,0,0,0,0,0,6,0,12,18,0,18,18,11,18,0,1,6,1,10,0,347,60,234,66,157,53,0,0,0,137,167,65,102,0,0,0,0,0,7,4,7,1,0,0,2,0,0,0,0,23,34,29,34,18,1,1239,95.3076923076923
Android,BOTTOM,googlesamples/android-WearOAuth,0,0,0,0,0,0,0,0,0,0,0,0,0,0,0,0,0,0,0,0,0,0,0,0,0,0,0,0,0,0,0,0,0,0,0,0,0,0,0,0,0,0,0,0,0,0,0,0,0,0,0,0,0,0,0,0,0,0,0,0,0,0,0,1244,155.5
Android,BOTTOM,googlesamples/android-WearSpeakerSample,0,5,4,5,3,38,0,34,1,0,0,0,0,21,1,11,56,0,52,57,43,58,0,6,7,11,34,0,902,117,679,212,413,109,0,0,0,355,468,201,267,0,0,0,0,0,21,16,22,11,0,0,8,0,0,0,0,47,112,107,114,64,3,1630,85.78947368421052
Android,BOTTOM,googlesamples/android-WearStandaloneGoogleSignIn,0,2,2,2,2,13,0,12,1,0,0,0,0,5,0,2,22,0,22,22,5,22,0,0,3,6,13,0,298,34,200,76,99,64,0,0,0,99,134,65,69,0,0,0,0,0,6,6,6,2,0,0,3,0,0,0,0,99,33,33,38,22,2,1240,206.66666666666666
Android,BOTTOM,googlesamples/android-WearVerifyRemoteApp,0,3,3,3,2,30,5,22,1,0,0,0,0,10,0,17,26,0,26,26,9,26,0,0,8,8,10,0,578,121,374,143,228,86,0,0,0,192,242,118,124,0,0,0,0,0,9,8,10,2,0,0,3,0,0,0,0,47,46,44,47,26,2,1239,72.88235294117646
Android,BOTTOM,googlesamples/android-WifiRttScan,0,5,5,5,4,46,7,36,0,0,0,0,0,10,0,11,34,0,35,35,35,35,0,1,10,5,19,0,760,154,477,192,244,129,0,0,0,263,336,174,162,0,0,0,0,0,14,14,14,6,0,0,7,0,0,0,0,130,61,61,62,36,4,617,308.5
Android,BOTTOM,googlesamples/androidtv-daydream,0.014770083816704126,14,14,14,13,93,6,80,3,0,0,0,0,19,0,17,47,0,47,47,14,47,0,0,4,1,42,0,843,144,470,249,225,232,0,0,0,293,371,227,144,0,0,0,0,0,27,27,28,13,0,0,9,0,0,0,5,606,63,63,64,47,13,1813,453.25
Android,BOTTOM,googlesamples/androidtv-GameController,1.869791594799608e-05,22,21,25,14,195,7,123,54,0,0,0,0,13,24,173,173,0,173,149,90,173,0,0,31,11,131,0,3590,414,1922,659,1252,1261,0,0,0,1038,1394,647,747,0,0,0,0,0,72,67,74,25,0,0,30,0,0,0,1,739,331,326,350,192,12,2181,218.1
Android,BOTTOM,googlesamples/androidtv-VisualGameController,0,8,8,8,5,69,3,51,12,0,0,0,0,14,1,12,54,0,55,58,96,59,0,2,9,9,39,0,1388,134,855,315,494,399,0,0,0,384,515,226,289,0,0,0,0,0,40,40,42,7,0,0,9,0,0,0,2,240,128,128,136,64,5,2153,717.6666666666666
Android,BOTTOM,googlesamples/attendee-checkin,0.01346258250479069,66,63,68,48,359,1,319,32,0,0,0,0,93,27,87,387,0,397,372,165,399,0,11,50,20,318,0,6476,800,4405,1724,2332,1298,0,0,0,2289,3072,1549,1523,0,0,0,0,0,162,155,183,75,0,0,58,0,0,0,11,1873,740,720,789,438,45,1839,459.75
Android,BOTTOM,googlesamples/chromeos-android-draganddrop-demo,0.016062391456216574,6,4,6,5,44,8,31,5,0,0,0,0,5,0,0,6,0,6,6,1,6,0,0,0,1,5,0,267,58,150,73,86,60,0,0,0,97,115,66,49,0,0,0,0,0,15,10,16,13,0,0,4,0,0,0,2,112,18,13,19,16,3,864,72.0
Android,BOTTOM,googlesamples/identity-toolkit-android,0.09442270795504253,4,4,4,3,29,1,19,6,0,0,0,0,4,3,0,11,0,11,8,1,11,0,0,6,3,2,0,273,39,119,50,55,115,0,0,0,68,91,51,40,0,0,0,0,0,9,9,9,3,0,0,3,0,0,0,5,65,19,19,19,11,3,2118,68.3225806451613
Android,BOTTOM,googlesamples/leanback-assistant,0.0010814364033970324,21,21,22,17,152,6,124,16,0,0,0,0,28,10,31,131,0,135,125,55,135,0,4,18,10,103,0,1988,267,1275,525,648,459,0,0,0,587,771,437,334,0,0,0,0,0,34,34,36,20,0,0,14,0,0,0,6,675,163,163,165,135,17,980,140.0
Android,BOTTOM,googlesamples/leanback-homescreen-channels,0.0038976045001287607,34,29,35,22,216,4,181,24,0,0,0,0,64,32,62,217,0,221,189,106,221,0,62,32,16,111,0,3388,391,2438,1037,1325,602,0,0,0,1147,1586,879,707,0,0,0,0,0,85,77,88,27,0,0,36,0,0,0,3,719,373,365,389,227,22,960,80.0
